CustomerId,CustomerCompanyName,CustomerId,orderdate
1,Customer NRZBB,1,2016-01-15
1,Customer NRZBB,1,2016-03-16
1,Customer NRZBB,1,2016-04-09
2,Customer MLTDN,2,2016-03-04
3,Customer KBUDE,3,2016-01-28
4,Customer HFBZG,4,2016-02-02
4,Customer HFBZG,4,2016-03-16
4,Customer HFBZG,4,2016-03-03
4,Customer HFBZG,4,2016-04-10
5,Customer HGVLZ,5,2016-03-04
5,Customer HGVLZ,5,2016-01-28
5,Customer HGVLZ,5,2016-02-03
5,Customer HGVLZ,5,2016-02-06
5,Customer HGVLZ,5,2016-01-16
6,Customer XHXJV,6,2016-01-27
6,Customer XHXJV,6,2016-03-17
6,Customer XHXJV,6,2016-04-29
7,Customer QXVLA,7,2016-01-12
8,Customer QUHWH,8,2016-03-24
9,Customer RTXGC,9,2016-05-06
9,Customer RTXGC,9,2016-01-12
9,Customer RTXGC,9,2016-02-09
9,Customer RTXGC,9,2016-02-05
9,Customer RTXGC,9,2016-03-11
9,Customer RTXGC,9,2016-03-06
10,Customer EEALV,10,2016-03-12
10,Customer EEALV,10,2016-03-13
10,Customer EEALV,10,2016-03-02
10,Customer EEALV,10,2016-04-24
10,Customer EEALV,10,2016-04-16
10,Customer EEALV,10,2016-04-23
10,Customer EEALV,10,2016-03-25
10,Customer EEALV,10,2016-03-27
11,Customer UBHAU,11,2016-04-14
11,Customer UBHAU,11,2016-03-13
11,Customer UBHAU,11,2016-03-11
12,Customer PSNMQ,12,2016-03-10
12,Customer PSNMQ,12,2016-02-11
12,Customer PSNMQ,12,2016-01-07
12,Customer PSNMQ,12,2016-04-28
14,Customer WNMAF,14,2016-04-22
14,Customer WNMAF,14,2016-04-16
14,Customer WNMAF,14,2016-03-20
15,Customer JUWXK,15,2016-03-23
15,Customer JUWXK,15,2016-04-22
16,Customer GYBBY,16,2016-01-23
17,Customer FEVNN,17,2016-01-09
17,Customer FEVNN,17,2016-04-20
17,Customer FEVNN,17,2016-05-04
18,Customer BSVAR,18,2016-02-16
19,Customer RFNQC,19,2016-04-24
19,Customer RFNQC,19,2016-04-28
19,Customer RFNQC,19,2016-03-31
19,Customer RFNQC,19,2016-04-15
20,Customer THHDP,20,2016-04-13
20,Customer THHDP,20,2016-04-08
20,Customer THHDP,20,2016-04-01
20,Customer THHDP,20,2016-03-26
20,Customer THHDP,20,2016-03-23
20,Customer THHDP,20,2016-05-05
20,Customer THHDP,20,2016-02-18
20,Customer THHDP,20,2016-01-16
20,Customer THHDP,20,2016-01-27
24,Customer CYZTN,24,2016-02-10
24,Customer CYZTN,24,2016-01-09
24,Customer CYZTN,24,2016-02-23
24,Customer CYZTN,24,2016-04-27
24,Customer CYZTN,24,2016-03-17
24,Customer CYZTN,24,2016-03-27
24,Customer CYZTN,24,2016-03-26
24,Customer CYZTN,24,2016-04-01
24,Customer CYZTN,24,2016-04-06
25,Customer AZJED,25,2016-04-09
25,Customer AZJED,25,2016-03-05
25,Customer AZJED,25,2016-01-29
26,Customer USDBG,26,2016-01-29
26,Customer USDBG,26,2016-03-24
27,Customer WMFEA,27,2016-04-30
27,Customer WMFEA,27,2016-04-15
28,Customer XYUFB,28,2016-03-19
29,Customer MDLWA,29,2016-03-05
29,Customer MDLWA,29,2016-02-13
30,Customer KSLQF,30,2016-02-16
30,Customer KSLQF,30,2016-02-26
30,Customer KSLQF,30,2016-03-13
30,Customer KSLQF,30,2016-02-06
30,Customer KSLQF,30,2016-02-05
30,Customer KSLQF,30,2016-04-08
30,Customer KSLQF,30,2016-04-21
31,Customer YJCBX,31,2016-04-24
31,Customer YJCBX,31,2016-03-18
32,Customer YSIQX,32,2016-04-07
32,Customer YSIQX,32,2016-04-30
32,Customer YSIQX,32,2016-04-22
32,Customer YSIQX,32,2016-01-06
32,Customer YSIQX,32,2016-03-09
34,Customer IBVRG,34,2016-03-04
34,Customer IBVRG,34,2016-03-03
34,Customer IBVRG,34,2016-02-13
34,Customer IBVRG,34,2016-02-24
34,Customer IBVRG,34,2016-04-27
34,Customer IBVRG,34,2016-04-14
34,Customer IBVRG,34,2016-03-27
35,Customer UMTLM,35,2016-03-25
35,Customer UMTLM,35,2016-03-19
35,Customer UMTLM,35,2016-04-28
35,Customer UMTLM,35,2016-02-23
35,Customer UMTLM,35,2016-03-18
35,Customer UMTLM,35,2016-02-02
37,Customer FRXZL,37,2016-02-26
37,Customer FRXZL,37,2016-02-19
37,Customer FRXZL,37,2016-04-30
37,Customer FRXZL,37,2016-03-30
38,Customer LJUCA,38,2016-03-06
38,Customer LJUCA,38,2016-01-13
39,Customer GLLAG,39,2016-01-06
39,Customer GLLAG,39,2016-01-23
39,Customer GLLAG,39,2016-02-18
39,Customer GLLAG,39,2016-04-16
40,Customer EFFTC,40,2016-03-24
40,Customer EFFTC,40,2016-03-24
40,Customer EFFTC,40,2016-03-05
40,Customer EFFTC,40,2016-01-29
41,Customer XIIWM,41,2016-01-14
41,Customer XIIWM,41,2016-03-03
41,Customer XIIWM,41,2016-04-27
42,Customer IAIJK,42,2016-01-01
44,Customer OXFRU,44,2016-01-30
44,Customer OXFRU,44,2016-03-09
44,Customer OXFRU,44,2016-02-17
44,Customer OXFRU,44,2016-05-05
45,Customer QXPPT,45,2016-02-12
46,Customer XPNIK,46,2016-01-09
46,Customer XPNIK,46,2016-02-20
46,Customer XPNIK,46,2016-05-05
46,Customer XPNIK,46,2016-05-01
46,Customer XPNIK,46,2016-04-03
47,Customer PSQUZ,47,2016-04-10
47,Customer PSQUZ,47,2016-04-21
47,Customer PSQUZ,47,2016-03-02
47,Customer PSQUZ,47,2016-03-17
47,Customer PSQUZ,47,2016-01-02
47,Customer PSQUZ,47,2016-01-19
47,Customer PSQUZ,47,2016-01-19
48,Customer DVFMB,48,2016-02-03
48,Customer DVFMB,48,2016-02-12
48,Customer DVFMB,48,2016-04-13
49,Customer CQRAA,49,2016-03-16
49,Customer CQRAA,49,2016-03-10
49,Customer CQRAA,49,2016-01-07
50,Customer JYPSC,50,2016-02-17
50,Customer JYPSC,50,2016-02-19
50,Customer JYPSC,50,2016-04-07
50,Customer JYPSC,50,2016-03-26
52,Customer PZNLA,52,2016-03-12
53,Customer GCJSG,53,2016-04-29
54,Customer TDKEG,54,2016-03-30
54,Customer TDKEG,54,2016-03-18
54,Customer TDKEG,54,2016-02-20
55,Customer KZQZT,55,2016-01-01
55,Customer KZQZT,55,2016-01-27
55,Customer KZQZT,55,2016-03-20
55,Customer KZQZT,55,2016-04-20
56,Customer QNIVZ,56,2016-04-03
56,Customer QNIVZ,56,2016-04-14
56,Customer QNIVZ,56,2016-01-15
58,Customer AHXHT,58,2016-04-02
58,Customer AHXHT,58,2016-05-05
59,Customer LOLJO,59,2016-04-27
59,Customer LOLJO,59,2016-01-21
60,Customer QZURI,60,2016-04-08
61,Customer WULWD,61,2016-03-31
62,Customer WFIZJ,62,2016-03-19
62,Customer WFIZJ,62,2016-05-04
62,Customer WFIZJ,62,2016-02-04
62,Customer WFIZJ,62,2016-02-26
62,Customer WFIZJ,62,2016-02-27
63,Customer IRRVL,63,2016-03-10
63,Customer IRRVL,63,2016-02-10
63,Customer IRRVL,63,2016-02-02
63,Customer IRRVL,63,2016-01-21
63,Customer IRRVL,63,2016-03-19
63,Customer IRRVL,63,2016-04-01
63,Customer IRRVL,63,2016-04-14
63,Customer IRRVL,63,2016-04-02
64,Customer LWGMD,64,2016-04-13
64,Customer LWGMD,64,2016-01-13
64,Customer LWGMD,64,2016-02-27
65,Customer NYUHS,65,2016-02-16
65,Customer NYUHS,65,2016-01-07
65,Customer NYUHS,65,2016-01-26
65,Customer NYUHS,65,2016-04-06
65,Customer NYUHS,65,2016-03-31
65,Customer NYUHS,65,2016-05-06
66,Customer LHANT,66,2016-04-30
66,Customer LHANT,66,2016-04-09
66,Customer LHANT,66,2016-01-02
66,Customer LHANT,66,2016-02-26
66,Customer LHANT,66,2016-03-11
67,Customer QVEPD,67,2016-01-05
67,Customer QVEPD,67,2016-01-26
67,Customer QVEPD,67,2016-02-09
67,Customer QVEPD,67,2016-04-29
68,Customer CCKOT,68,2016-04-17
68,Customer CCKOT,68,2016-05-06
68,Customer CCKOT,68,2016-03-16
68,Customer CCKOT,68,2016-03-06
69,Customer SIUIH,69,2016-03-02
69,Customer SIUIH,69,2016-04-09
70,Customer TMXGN,70,2016-04-10
70,Customer TMXGN,70,2016-02-26
70,Customer TMXGN,70,2016-01-14
71,Customer LCOUJ,71,2016-01-22
71,Customer LCOUJ,71,2016-02-11
71,Customer LCOUJ,71,2016-01-05
71,Customer LCOUJ,71,2016-02-18
71,Customer LCOUJ,71,2016-03-11
71,Customer LCOUJ,71,2016-04-17
71,Customer LCOUJ,71,2016-04-17
71,Customer LCOUJ,71,2016-04-06
71,Customer LCOUJ,71,2016-03-27
71,Customer LCOUJ,71,2016-03-30
71,Customer LCOUJ,71,2016-05-01
72,Customer AHPOP,72,2016-02-04
73,Customer JMIKW,73,2016-05-06
74,Customer YSHXL,74,2016-04-22
74,Customer YSHXL,74,2016-03-20
74,Customer YSHXL,74,2016-02-25
75,Customer XOJYP,75,2016-01-08
75,Customer XOJYP,75,2016-03-25
76,Customer SFOGW,76,2016-04-20
76,Customer SFOGW,76,2016-04-21
76,Customer SFOGW,76,2016-01-22
76,Customer SFOGW,76,2016-01-20
76,Customer SFOGW,76,2016-02-12
76,Customer SFOGW,76,2016-03-06
77,Customer LCYBZ,77,2016-04-01
78,Customer NLTYP,78,2016-04-06
79,Customer FAPSM,79,2016-03-23
80,Customer VONTK,80,2016-05-04
80,Customer VONTK,80,2016-02-27
80,Customer VONTK,80,2016-01-20
81,Customer YQQWW,81,2016-01-19
81,Customer YQQWW,81,2016-01-13
81,Customer YQQWW,81,2016-01-15
82,Customer EYHKM,82,2016-01-08
83,Customer ZRNDE,83,2016-03-03
83,Customer ZRNDE,83,2016-03-12
83,Customer ZRNDE,83,2016-04-02
84,Customer NRCSK,84,2016-01-05
84,Customer NRCSK,84,2016-01-21
84,Customer NRCSK,84,2016-01-23
86,Customer SNXOJ,86,2016-04-23
87,Customer ZHYOS,87,2016-04-15
88,Customer SRQVM,88,2016-01-01
88,Customer SRQVM,88,2016-03-09
88,Customer SRQVM,88,2016-02-24
88,Customer SRQVM,88,2016-02-20
89,Customer YBQTI,89,2016-02-24
89,Customer YBQTI,89,2016-01-30
89,Customer YBQTI,89,2016-04-17
89,Customer YBQTI,89,2016-05-01
90,Customer XBBVR,90,2016-04-07
90,Customer XBBVR,90,2016-02-10
90,Customer XBBVR,90,2016-02-06
90,Customer XBBVR,90,2016-02-26
91,Customer CCFIZ,91,2016-02-25
91,Customer CCFIZ,91,2016-02-04
91,Customer CCFIZ,91,2016-04-03
91,Customer CCFIZ,91,2016-04-23
